created_at,entry_id,field1,field2,field3,field4,field5,field6
2025-11-19T04:56:14+00:00,1,464,0,0.000000,0.000000,19-11-2025 10:26:13,0
2025-11-19T04:56:31+00:00,2,482,0,0.000000,0.000000,19-11-2025 10:26:30,0
2025-11-19T04:56:48+00:00,3,493,0,0.000000,0.000000,19-11-2025 10:26:47,0
2025-11-19T04:57:04+00:00,4,487,0,0.000000,0.000000,19-11-2025 10:27:04,0
2025-11-19T04:57:22+00:00,5,581,5,0.000000,0.000000,19-11-2025 10:27:20,1
2025-11-19T04:57:38+00:00,6,1000,33,0.000000,0.000000,19-11-2025 10:27:37,1
2025-11-19T04:57:55+00:00,7,507,0,0.000000,0.000000,19-11-2025 10:27:53,1
2025-11-19T04:58:11+00:00,8,509,0,0.000000,0.000000,19-11-2025 10:28:11,1
2025-11-19T04:58:28+00:00,9,541,2,0.000000,0.000000,19-11-2025 10:28:27,1
2025-11-19T04:58:45+00:00,10,494,0,0.000000,0.000000,19-11-2025 10:28:44,0
2025-11-19T04:59:01+00:00,11,545,3,0.000000,0.000000,19-11-2025 10:29:01,1
2025-11-19T04:59:18+00:00,12,494,0,0.000000,0.000000,19-11-2025 10:29:17,0
2025-11-19T04:59:34+00:00,13,497,0,0.000000,0.000000,19-11-2025 10:29:33,0
2025-11-19T04:59:51+00:00,14,477,0,0.000000,0.000000,19-11-2025 10:29:50,0
2025-11-19T05:00:08+00:00,15,550,3,0.000000,0.000000,19-11-2025 10:30:05,1
2025-11-19T05:00:25+00:00,16,949,29,0.000000,0.000000,19-11-2025 10:30:24,1
2025-11-19T05:00:42+00:00,17,523,1,0.000000,0.000000,19-11-2025 10:30:41,1
2025-11-19T05:01:01+00:00,18,918,27,0.000000,0.000000,19-11-2025 10:30:58,1
2025-11-19T05:01:18+00:00,19,909,27,0.000000,0.000000,19-11-2025 10:31:17,1
2025-11-19T05:01:34+00:00,20,1231,48,0.000000,0.000000,19-11-2025 10:31:33,1
2025-11-19T05:01:51+00:00,21,974,31,0.000000,0.000000,19-11-2025 10:31:50,1
2025-11-19T05:02:23+00:00,22,535,2,0.000000,0.000000,19-11-2025 10:32:20,1
2025-11-19T05:02:40+00:00,23,816,21,0.000000,0.000000,19-11-2025 10:32:39,1
2025-11-19T05:02:56+00:00,24,1057,37,0.000000,0.000000,19-11-2025 10:32:55,1
2025-11-19T05:03:13+00:00,25,493,0,0.000000,0.000000,19-11-2025 10:33:12,0
2025-11-19T05:03:30+00:00,26,1228,48,0.000000,0.000000,19-11-2025 10:33:29,1
2025-11-19T05:03:46+00:00,27,494,0,0.000000,0.000000,19-11-2025 10:33:46,0
2025-11-19T05:04:03+00:00,28,482,0,0.000000,0.000000,19-11-2025 10:34:02,0
2025-11-19T05:04:20+00:00,29,474,0,0.000000,0.000000,19-11-2025 10:34:19,0
2025-11-19T05:04:36+00:00,30,976,31,0.000000,0.000000,19-11-2025 10:34:35,1
2025-11-19T05:04:53+00:00,31,494,0,0.000000,0.000000,19-11-2025 10:34:52,0
2025-11-19T05:05:10+00:00,32,449,0,0.000000,0.000000,19-11-2025 10:35:09,0
2025-11-19T05:05:26+00:00,33,538,2,0.000000,0.000000,19-11-2025 10:35:25,1
2025-11-19T05:05:43+00:00,34,478,0,0.000000,0.000000,19-11-2025 10:35:41,0
2025-11-19T05:05:59+00:00,35,469,0,0.000000,0.000000,19-11-2025 10:35:58,0
2025-11-19T05:06:16+00:00,36,464,0,0.000000,0.000000,19-11-2025 10:36:14,0
2025-11-19T05:06:33+00:00,37,474,0,0.000000,0.000000,19-11-2025 10:36:32,0
2025-11-19T05:06:50+00:00,38,848,23,0.000000,0.000000,19-11-2025 10:36:49,1
2025-11-19T05:07:07+00:00,39,451,0,0.000000,0.000000,19-11-2025 10:37:06,0
2025-11-19T05:07:24+00:00,40,455,0,0.000000,0.000000,19-11-2025 10:37:22,0
2025-11-19T05:07:40+00:00,41,459,0,0.000000,0.000000,19-11-2025 10:37:39,0
2025-11-19T05:07:57+00:00,42,1882,92,0.000000,0.000000,19-11-2025 10:37:55,1
2025-11-19T05:08:14+00:00,43,1014,34,0.000000,0.000000,19-11-2025 10:38:12,1
2025-11-19T05:08:32+00:00,44,1111,40,0.000000,0.000000,19-11-2025 10:38:29,1
2025-11-19T05:08:49+00:00,45,1390,59,0.000000,0.000000,19-11-2025 10:38:48,1
2025-11-19T05:09:06+00:00,46,1971,98,0.000000,0.000000,19-11-2025 10:39:04,1
2025-11-19T05:09:22+00:00,47,2880,100,0.000000,0.000000,19-11-2025 10:39:21,1
2025-11-19T05:09:39+00:00,48,2914,100,0.000000,0.000000,19-11-2025 10:39:38,1
2025-11-19T05:09:56+00:00,49,3367,100,0.000000,0.000000,19-11-2025 10:39:54,1
2025-11-19T05:10:12+00:00,50,3151,100,0.000000,0.000000,19-11-2025 10:40:11,1
2025-11-19T05:10:29+00:00,51,2943,100,0.000000,0.000000,19-11-2025 10:40:28,1
2025-11-19T05:10:49+00:00,52,2864,100,0.000000,0.000000,19-11-2025 10:40:45,1
2025-11-19T05:11:05+00:00,53,2848,100,0.000000,0.000000,19-11-2025 10:41:04,1
2025-11-19T05:11:22+00:00,54,2803,100,0.000000,0.000000,19-11-2025 10:41:20,1
2025-11-19T05:11:39+00:00,55,2704,100,0.000000,0.000000,19-11-2025 10:41:38,1
2025-11-19T05:11:56+00:00,56,2549,100,0.000000,0.000000,19-11-2025 10:41:54,1
2025-11-19T12:55:25+00:00,57,181,0,0.000000,0.000000,19-11-2025 18:25:24,0
2025-11-19T12:55:41+00:00,58,309,0,0.000000,0.000000,19-11-2025 18:25:40,0
2025-11-19T12:55:58+00:00,59,208,0,0.000000,0.000000,19-11-2025 18:25:57,0
2025-11-19T12:56:15+00:00,60,944,29,0.000000,0.000000,19-11-2025 18:26:14,1
2025-11-19T12:56:33+00:00,61,816,21,0.000000,0.000000,19-11-2025 18:26:31,1
2025-11-19T12:56:49+00:00,62,799,19,0.000000,0.000000,19-11-2025 18:26:48,1
2025-11-19T12:57:06+00:00,63,217,0,0.000000,0.000000,19-11-2025 18:27:05,0
2025-11-19T12:57:22+00:00,64,198,0,0.000000,0.000000,19-11-2025 18:27:21,0
2025-11-19T12:57:40+00:00,65,3390,100,0.000000,0.000000,19-11-2025 18:27:37,1
2025-11-19T12:57:57+00:00,66,976,31,0.000000,0.000000,19-11-2025 18:27:55,1
2025-11-19T12:58:13+00:00,67,1199,46,0.000000,0.000000,19-11-2025 18:28:12,1
2025-11-19T12:58:30+00:00,68,1785,85,0.000000,0.000000,19-11-2025 18:28:30,1
2025-11-19T12:58:47+00:00,69,266,0,0.000000,0.000000,19-11-2025 18:28:46,0
2025-11-19T12:59:04+00:00,70,242,0,0.000000,0.000000,19-11-2025 18:29:03,0
2025-11-19T12:59:20+00:00,71,1040,36,0.000000,0.000000,19-11-2025 18:29:20,1
2025-11-19T12:59:37+00:00,72,320,0,0.000000,0.000000,19-11-2025 18:29:36,0
2025-11-19T12:59:54+00:00,73,253,0,0.000000,0.000000,19-11-2025 18:29:52,0
2025-11-19T13:00:11+00:00,74,207,0,0.000000,0.000000,19-11-2025 18:30:09,0
2025-11-19T13:00:28+00:00,75,722,14,0.000000,0.000000,19-11-2025 18:30:27,1
2025-11-19T13:00:44+00:00,76,687,12,0.000000,0.000000,19-11-2025 18:30:44,1
2025-11-19T13:01:01+00:00,77,652,10,0.000000,0.000000,19-11-2025 18:31:00,1
2025-11-19T13:01:18+00:00,78,954,30,0.000000,0.000000,19-11-2025 18:31:17,1
2025-11-19T13:01:35+00:00,79,658,10,0.000000,0.000000,19-11-2025 18:31:35,1
2025-11-19T13:01:52+00:00,80,599,6,0.000000,0.000000,19-11-2025 18:31:51,1
2025-11-19T13:02:09+00:00,81,815,21,0.000000,0.000000,19-11-2025 18:32:08,1
2025-11-19T13:02:25+00:00,82,599,6,0.000000,0.000000,19-11-2025 18:32:24,1
2025-11-19T13:02:42+00:00,83,565,4,0.000000,0.000000,19-11-2025 18:32:41,1
2025-11-19T13:02:58+00:00,84,576,5,0.000000,0.000000,19-11-2025 18:32:57,1
2025-11-19T13:03:15+00:00,85,589,5,0.000000,0.000000,19-11-2025 18:33:13,1
2025-11-19T13:03:32+00:00,86,573,4,0.000000,0.000000,19-11-2025 18:33:30,1
2025-11-19T13:03:48+00:00,87,573,4,0.000000,0.000000,19-11-2025 18:33:47,1
2025-11-19T13:04:05+00:00,88,569,4,0.000000,0.000000,19-11-2025 18:34:05,1
2025-11-19T13:04:22+00:00,89,577,5,0.000000,0.000000,19-11-2025 18:34:21,1
2025-11-19T13:04:39+00:00,90,575,5,0.000000,0.000000,19-11-2025 18:34:38,1
2025-11-19T13:04:55+00:00,91,548,3,0.000000,0.000000,19-11-2025 18:34:54,1
2025-11-19T13:05:12+00:00,92,544,2,0.000000,0.000000,19-11-2025 18:35:10,1
2025-11-19T13:05:28+00:00,93,560,4,0.000000,0.000000,19-11-2025 18:35:27,1
2025-11-19T13:05:45+00:00,94,213,0,0.000000,0.000000,19-11-2025 18:35:43,0
2025-11-19T13:06:03+00:00,95,1094,39,0.000000,0.000000,19-11-2025 18:36:02,1
2025-11-19T13:06:20+00:00,96,1056,37,0.000000,0.000000,19-11-2025 18:36:18,1
2025-11-19T13:06:36+00:00,97,1201,46,0.000000,0.000000,19-11-2025 18:36:35,1
2025-11-19T13:06:53+00:00,98,1346,56,0.000000,0.000000,19-11-2025 18:36:51,1
2025-11-19T13:07:09+00:00,99,1302,53,0.000000,0.000000,19-11-2025 18:37:07,1
2025-11-19T13:07:25+00:00,100,1200,46,0.000000,0.000000,19-11-2025 18:37:24,1
2025-11-19T13:07:42+00:00,101,1075,38,0.000000,0.000000,19-11-2025 18:37:40,1
2025-11-19T13:07:58+00:00,102,983,32,0.000000,0.000000,19-11-2025 18:37:54,1
2025-11-19T13:08:15+00:00,103,902,26,0.000000,0.000000,19-11-2025 18:38:13,1
2025-11-19T13:08:31+00:00,104,860,24,0.000000,0.000000,19-11-2025 18:38:30,1
2025-11-19T13:08:48+00:00,105,822,21,0.000000,0.000000,19-11-2025 18:38:46,1
2025-11-19T13:09:04+00:00,106,783,18,0.000000,0.000000,19-11-2025 18:39:02,1
2025-11-19T13:09:20+00:00,107,757,17,0.000000,0.000000,19-11-2025 18:39:19,1
2025-11-19T13:09:38+00:00,108,752,16,0.000000,0.000000,19-11-2025 18:39:36,1
2025-11-19T13:09:55+00:00,109,725,15,0.000000,0.000000,19-11-2025 18:39:53,1
2025-11-19T13:10:12+00:00,110,719,14,0.000000,0.000000,19-11-2025 18:40:10,1
2025-11-19T13:10:29+00:00,111,208,0,0.000000,0.000000,19-11-2025 18:40:28,0
2025-11-19T13:10:45+00:00,112,877,25,0.000000,0.000000,19-11-2025 18:40:44,1
2025-11-19T13:11:02+00:00,113,607,7,0.000000,0.000000,19-11-2025 18:41:01,1
2025-11-19T13:11:18+00:00,114,608,7,0.000000,0.000000,19-11-2025 18:41:18,1
2025-11-19T13:11:35+00:00,115,626,8,0.000000,0.000000,19-11-2025 18:41:34,1
2025-11-19T13:11:52+00:00,116,620,8,0.000000,0.000000,19-11-2025 18:41:50,1
2025-11-19T13:12:09+00:00,117,637,9,0.000000,0.000000,19-11-2025 18:42:07,1
2025-11-19T13:12:25+00:00,118,640,9,0.000000,0.000000,19-11-2025 18:42:24,1
2025-11-19T13:12:42+00:00,119,641,9,0.000000,0.000000,19-11-2025 18:42:41,1
2025-11-19T13:12:59+00:00,120,635,9,0.000000,0.000000,19-11-2025 18:42:58,1
2025-11-19T13:13:15+00:00,121,625,8,0.000000,0.000000,19-11-2025 18:43:14,1
2025-11-19T13:13:32+00:00,122,624,8,0.000000,0.000000,19-11-2025 18:43:31,1
2025-11-19T13:13:49+00:00,123,638,9,0.000000,0.000000,19-11-2025 18:43:48,1
2025-11-19T13:14:07+00:00,124,639,9,0.000000,0.000000,19-11-2025 18:44:04,1
2025-11-19T13:14:24+00:00,125,462,0,0.000000,0.000000,19-11-2025 18:44:23,0
2025-11-19T13:14:41+00:00,126,629,8,0.000000,0.000000,19-11-2025 18:44:39,1
2025-11-19T13:14:57+00:00,127,621,8,0.000000,0.000000,19-11-2025 18:44:56,1
2025-11-19T13:15:14+00:00,128,635,9,0.000000,0.000000,19-11-2025 18:45:12,1
2025-11-19T13:15:30+00:00,129,635,9,0.000000,0.000000,19-11-2025 18:45:29,1
2025-11-19T13:15:48+00:00,130,625,8,0.000000,0.000000,19-11-2025 18:45:46,1
2025-11-19T13:16:04+00:00,131,642,9,0.000000,0.000000,19-11-2025 18:46:03,1
2025-11-19T13:16:21+00:00,132,631,8,0.000000,0.000000,19-11-2025 18:46:20,1
2025-11-19T13:16:38+00:00,133,628,8,0.000000,0.000000,19-11-2025 18:46:36,1
2025-11-19T13:16:55+00:00,134,624,8,0.000000,0.000000,19-11-2025 18:46:53,1
2025-11-19T13:17:11+00:00,135,673,11,0.000000,0.000000,19-11-2025 18:47:10,1
2025-11-19T13:17:28+00:00,136,623,8,0.000000,0.000000,19-11-2025 18:47:26,1
2025-11-19T13:17:45+00:00,137,633,8,0.000000,0.000000,19-11-2025 18:47:44,1
2025-11-19T13:18:02+00:00,138,630,8,0.000000,0.000000,19-11-2025 18:48:01,1
2025-11-19T13:18:18+00:00,139,624,8,0.000000,0.000000,19-11-2025 18:48:17,1
2025-11-19T13:18:35+00:00,140,631,8,0.000000,0.000000,19-11-2025 18:48:34,1
2025-11-19T13:18:52+00:00,141,624,8,0.000000,0.000000,19-11-2025 18:48:50,1
2025-11-19T13:19:09+00:00,142,629,8,0.000000,0.000000,19-11-2025 18:49:07,1
2025-11-19T13:19:25+00:00,143,624,8,0.000000,0.000000,19-11-2025 18:49:24,1
2025-11-19T13:19:42+00:00,144,635,9,0.000000,0.000000,19-11-2025 18:49:41,1
2025-11-19T13:19:59+00:00,145,619,7,0.000000,0.000000,19-11-2025 18:49:58,1
2025-11-19T13:20:16+00:00,146,624,8,0.000000,0.000000,19-11-2025 18:50:15,1
2025-11-19T13:20:33+00:00,147,635,9,0.000000,0.000000,19-11-2025 18:50:32,1
2025-11-19T13:20:50+00:00,148,631,8,0.000000,0.000000,19-11-2025 18:50:49,1
2025-11-19T13:21:07+00:00,149,634,8,0.000000,0.000000,19-11-2025 18:51:05,1
2025-11-19T13:21:23+00:00,150,243,0,0.000000,0.000000,19-11-2025 18:51:22,0
2025-11-19T13:21:40+00:00,151,926,28,0.000000,0.000000,19-11-2025 18:51:40,1
2025-11-19T13:21:57+00:00,152,926,28,0.000000,0.000000,19-11-2025 18:51:56,1
2025-11-19T13:22:13+00:00,153,975,31,0.000000,0.000000,19-11-2025 18:52:12,1
2025-11-19T13:22:31+00:00,154,972,31,0.000000,0.000000,19-11-2025 18:52:30,1
2025-11-19T13:22:47+00:00,155,909,27,0.000000,0.000000,19-11-2025 18:52:46,1
2025-11-19T13:23:04+00:00,156,848,23,0.000000,0.000000,19-11-2025 18:53:03,1
2025-11-19T13:23:20+00:00,157,803,20,0.000000,0.000000,19-11-2025 18:53:20,1
2025-11-19T13:23:37+00:00,158,775,18,0.000000,0.000000,19-11-2025 18:53:36,1
2025-11-19T13:23:54+00:00,159,740,16,0.000000,0.000000,19-11-2025 18:53:53,1
2025-11-19T13:24:10+00:00,160,717,14,0.000000,0.000000,19-11-2025 18:54:09,1
2025-11-19T13:24:27+00:00,161,711,14,0.000000,0.000000,19-11-2025 18:54:26,1
2025-11-19T13:24:44+00:00,162,690,12,0.000000,0.000000,19-11-2025 18:54:43,1
2025-11-19T13:25:01+00:00,163,687,12,0.000000,0.000000,19-11-2025 18:55:00,1
2025-11-19T13:25:17+00:00,164,670,11,0.000000,0.000000,19-11-2025 18:55:16,1
2025-11-19T13:25:34+00:00,165,666,11,0.000000,0.000000,19-11-2025 18:55:33,1
2025-11-19T13:25:51+00:00,166,666,11,0.000000,0.000000,19-11-2025 18:55:50,1
2025-11-19T13:26:10+00:00,167,671,11,0.000000,0.000000,19-11-2025 18:56:07,1
2025-11-19T13:26:27+00:00,168,660,10,0.000000,0.000000,19-11-2025 18:56:27,1
2025-11-19T13:26:45+00:00,169,646,9,0.000000,0.000000,19-11-2025 18:56:44,1
2025-11-19T13:27:01+00:00,170,650,10,0.000000,0.000000,19-11-2025 18:57:00,1
2025-11-19T13:27:18+00:00,171,225,0,0.000000,0.000000,19-11-2025 18:57:17,0
2025-11-19T13:27:34+00:00,172,1032,35,0.000000,0.000000,19-11-2025 18:57:33,1
2025-11-19T13:27:52+00:00,173,899,26,0.000000,0.000000,19-11-2025 18:57:51,1
2025-11-19T13:28:09+00:00,174,858,23,0.000000,0.000000,19-11-2025 18:58:08,1
2025-11-19T13:28:28+00:00,175,825,21,0.000000,0.000000,19-11-2025 18:58:24,1
2025-11-19T13:28:44+00:00,176,782,18,0.000000,0.000000,19-11-2025 18:58:44,1
2025-11-19T13:29:01+00:00,177,761,17,0.000000,0.000000,19-11-2025 18:59:00,1
2025-11-19T13:29:18+00:00,178,731,15,0.000000,0.000000,19-11-2025 18:59:17,1
2025-11-19T13:29:34+00:00,179,723,14,0.000000,0.000000,19-11-2025 18:59:33,1
2025-11-19T13:29:51+00:00,180,697,13,0.000000,0.000000,19-11-2025 18:59:50,1
2025-11-19T13:30:08+00:00,181,719,14,0.000000,0.000000,19-11-2025 19:00:07,1
2025-11-19T13:30:24+00:00,182,669,11,0.000000,0.000000,19-11-2025 19:00:23,1
2025-11-19T13:30:41+00:00,183,656,10,0.000000,0.000000,19-11-2025 19:00:40,1
2025-11-19T13:30:57+00:00,184,656,10,0.000000,0.000000,19-11-2025 19:00:57,1
2025-11-19T13:31:14+00:00,185,649,9,0.000000,0.000000,19-11-2025 19:01:13,1
2025-11-19T13:31:31+00:00,186,670,11,0.000000,0.000000,19-11-2025 19:01:30,1
2025-11-19T13:31:47+00:00,187,645,9,0.000000,0.000000,19-11-2025 19:01:46,1
2025-11-19T13:32:04+00:00,188,634,8,0.000000,0.000000,19-11-2025 19:02:03,1
2025-11-19T13:32:21+00:00,189,634,8,0.000000,0.000000,19-11-2025 19:02:20,1
2025-11-19T13:32:38+00:00,190,631,8,0.000000,0.000000,19-11-2025 19:02:37,1
2025-11-19T13:32:55+00:00,191,624,8,0.000000,0.000000,19-11-2025 19:02:54,1
2025-11-19T13:33:11+00:00,192,619,7,0.000000,0.000000,19-11-2025 19:03:10,1
2025-11-19T13:33:28+00:00,193,622,8,0.000000,0.000000,19-11-2025 19:03:26,1
2025-11-19T13:33:45+00:00,194,623,8,0.000000,0.000000,19-11-2025 19:03:43,1
2025-11-19T13:34:01+00:00,195,615,7,0.000000,0.000000,19-11-2025 19:04:00,1
2025-11-19T13:34:18+00:00,196,622,8,0.000000,0.000000,19-11-2025 19:04:17,1
2025-11-19T13:34:36+00:00,197,623,8,0.000000,0.000000,19-11-2025 19:04:32,1
2025-11-19T13:34:52+00:00,198,613,7,0.000000,0.000000,19-11-2025 19:04:51,1
2025-11-19T13:35:09+00:00,199,613,7,0.000000,0.000000,19-11-2025 19:05:08,1
2025-11-19T13:35:26+00:00,200,611,7,0.000000,0.000000,19-11-2025 19:05:24,1
2025-11-19T13:35:43+00:00,201,607,7,0.000000,0.000000,19-11-2025 19:05:41,1
2025-11-19T13:35:59+00:00,202,662,10,0.000000,0.000000,19-11-2025 19:05:58,1
2025-11-19T13:36:16+00:00,203,609,7,0.000000,0.000000,19-11-2025 19:06:15,1
2025-11-19T13:36:32+00:00,204,612,7,0.000000,0.000000,19-11-2025 19:06:31,1
2025-11-19T13:36:49+00:00,205,606,7,0.000000,0.000000,19-11-2025 19:06:48,1
2025-11-19T13:37:06+00:00,206,612,7,0.000000,0.000000,19-11-2025 19:07:05,1
2025-11-19T13:37:23+00:00,207,603,6,0.000000,0.000000,19-11-2025 19:07:21,1
2025-11-19T13:37:39+00:00,208,601,6,0.000000,0.000000,19-11-2025 19:07:38,1
2025-11-19T13:37:57+00:00,209,602,6,0.000000,0.000000,19-11-2025 19:07:54,1
2025-11-19T13:38:14+00:00,210,603,6,0.000000,0.000000,19-11-2025 19:08:13,1
2025-11-19T13:38:30+00:00,211,599,6,0.000000,0.000000,19-11-2025 19:08:29,1
2025-11-19T13:38:47+00:00,212,597,6,0.000000,0.000000,19-11-2025 19:08:46,1
2025-11-19T13:39:04+00:00,213,595,6,0.000000,0.000000,19-11-2025 19:09:03,1
2025-11-19T13:39:20+00:00,214,601,6,0.000000,0.000000,19-11-2025 19:09:19,1
2025-11-19T13:39:36+00:00,215,605,7,0.000000,0.000000,19-11-2025 19:09:35,1
2025-11-19T13:39:52+00:00,216,598,6,0.000000,0.000000,19-11-2025 19:09:52,1
2025-11-19T13:40:09+00:00,217,602,6,0.000000,0.000000,19-11-2025 19:10:08,1
2025-11-19T13:40:25+00:00,218,595,6,0.000000,0.000000,19-11-2025 19:10:25,1
2025-11-19T13:40:42+00:00,219,239,0,0.000000,0.000000,19-11-2025 19:10:41,0
2025-11-19T13:40:58+00:00,220,1166,44,0.000000,0.000000,19-11-2025 19:10:58,1
2025-11-19T13:41:15+00:00,221,958,30,0.000000,0.000000,19-11-2025 19:11:14,1
2025-11-19T13:41:31+00:00,222,953,30,0.000000,0.000000,19-11-2025 19:11:30,1
2025-11-19T13:41:48+00:00,223,929,28,0.000000,0.000000,19-11-2025 19:11:47,1
2025-11-19T13:42:04+00:00,224,900,26,0.000000,0.000000,19-11-2025 19:12:03,1
2025-11-19T13:42:21+00:00,225,849,23,0.000000,0.000000,19-11-2025 19:12:20,1
2025-11-19T13:42:37+00:00,226,826,21,0.000000,0.000000,19-11-2025 19:12:36,1
2025-11-19T13:42:53+00:00,227,789,19,0.000000,0.000000,19-11-2025 19:12:52,1
2025-11-19T13:43:10+00:00,228,765,17,0.000000,0.000000,19-11-2025 19:13:09,1
2025-11-19T13:43:27+00:00,229,747,16,0.000000,0.000000,19-11-2025 19:13:26,1
2025-11-19T13:43:43+00:00,230,730,15,0.000000,0.000000,19-11-2025 19:13:42,1
2025-11-19T13:43:59+00:00,231,720,14,0.000000,0.000000,19-11-2025 19:13:59,1
2025-11-19T13:44:16+00:00,232,705,13,0.000000,0.000000,19-11-2025 19:14:15,1
2025-11-19T13:44:33+00:00,233,701,13,0.000000,0.000000,19-11-2025 19:14:32,1
2025-11-19T13:44:50+00:00,234,687,12,0.000000,0.000000,19-11-2025 19:14:49,1
2025-11-19T13:45:06+00:00,235,685,12,0.000000,0.000000,19-11-2025 19:15:06,1
2025-11-19T13:45:23+00:00,236,683,12,0.000000,0.000000,19-11-2025 19:15:22,1
2025-11-19T13:45:40+00:00,237,672,11,0.000000,0.000000,19-11-2025 19:15:39,1
2025-11-19T13:45:56+00:00,238,661,10,0.000000,0.000000,19-11-2025 19:15:55,1
2025-11-19T13:46:13+00:00,239,656,10,0.000000,0.000000,19-11-2025 19:16:12,1
2025-11-19T13:46:30+00:00,240,656,10,0.000000,0.000000,19-11-2025 19:16:29,1
2025-11-19T13:46:46+00:00,241,656,10,0.000000,0.000000,19-11-2025 19:16:45,1
2025-11-19T13:47:05+00:00,242,646,9,0.000000,0.000000,19-11-2025 19:17:02,1
2025-11-19T13:47:21+00:00,243,642,9,0.000000,0.000000,19-11-2025 19:17:20,1
2025-11-19T13:47:38+00:00,244,647,9,0.000000,0.000000,19-11-2025 19:17:37,1
2025-11-19T13:47:55+00:00,245,645,9,0.000000,0.000000,19-11-2025 19:17:53,1
2025-11-19T13:48:11+00:00,246,643,9,0.000000,0.000000,19-11-2025 19:18:10,1
2025-11-19T13:48:28+00:00,247,631,8,0.000000,0.000000,19-11-2025 19:18:27,1
2025-11-19T13:48:44+00:00,248,631,8,0.000000,0.000000,19-11-2025 19:18:43,1
2025-11-19T13:49:01+00:00,249,634,8,0.000000,0.000000,19-11-2025 19:19:00,1
2025-11-19T13:49:18+00:00,250,635,9,0.000000,0.000000,19-11-2025 19:19:17,1
2025-11-19T13:49:35+00:00,251,627,8,0.000000,0.000000,19-11-2025 19:19:34,1
2025-11-19T13:49:51+00:00,252,626,8,0.000000,0.000000,19-11-2025 19:19:51,1
2025-11-19T13:50:08+00:00,253,637,9,0.000000,0.000000,19-11-2025 19:20:07,1
2025-11-19T13:50:25+00:00,254,634,8,0.000000,0.000000,19-11-2025 19:20:24,1
2025-11-19T13:50:42+00:00,255,626,8,0.000000,0.000000,19-11-2025 19:20:40,1
2025-11-19T13:50:58+00:00,256,627,8,0.000000,0.000000,19-11-2025 19:20:57,1
2025-11-19T13:51:15+00:00,257,624,8,0.000000,0.000000,19-11-2025 19:21:14,1
2025-11-19T13:51:32+00:00,258,618,7,0.000000,0.000000,19-11-2025 19:21:31,1
2025-11-19T13:51:49+00:00,259,619,7,0.000000,0.000000,19-11-2025 19:21:48,1
2025-11-19T13:52:05+00:00,260,625,8,0.000000,0.000000,19-11-2025 19:22:04,1
2025-11-19T13:52:22+00:00,261,623,8,0.000000,0.000000,19-11-2025 19:22:21,1
2025-11-19T13:52:39+00:00,262,619,7,0.000000,0.000000,19-11-2025 19:22:37,1
2025-11-19T13:52:55+00:00,263,621,8,0.000000,0.000000,19-11-2025 19:22:54,1
2025-11-19T13:53:12+00:00,264,624,8,0.000000,0.000000,19-11-2025 19:23:09,1
2025-11-19T13:53:29+00:00,265,613,7,0.000000,0.000000,19-11-2025 19:23:27,1
2025-11-19T13:53:45+00:00,266,611,7,0.000000,0.000000,19-11-2025 19:23:44,1
2025-11-19T13:54:01+00:00,267,610,7,0.000000,0.000000,19-11-2025 19:24:00,1
2025-11-19T13:54:18+00:00,268,608,7,0.000000,0.000000,19-11-2025 19:24:17,1
2025-11-19T13:54:34+00:00,269,611,7,0.000000,0.000000,19-11-2025 19:24:33,1
2025-11-19T13:54:51+00:00,270,608,7,0.000000,0.000000,19-11-2025 19:24:49,1
2025-11-19T13:55:07+00:00,271,612,7,0.000000,0.000000,19-11-2025 19:25:06,1
2025-11-19T13:55:24+00:00,272,608,7,0.000000,0.000000,19-11-2025 19:25:23,1
2025-11-19T13:55:40+00:00,273,257,0,0.000000,0.000000,19-11-2025 19:25:39,0
2025-11-19T13:55:57+00:00,274,861,24,0.000000,0.000000,19-11-2025 19:25:56,1
2025-11-19T13:56:13+00:00,275,746,16,0.000000,0.000000,19-11-2025 19:26:13,1
2025-11-19T13:56:30+00:00,276,721,14,0.000000,0.000000,19-11-2025 19:26:29,1
2025-11-19T13:56:47+00:00,277,714,14,0.000000,0.000000,19-11-2025 19:26:46,1
2025-11-19T13:57:03+00:00,278,704,13,0.000000,0.000000,19-11-2025 19:27:02,1
2025-11-19T13:57:20+00:00,279,675,11,0.000000,0.000000,19-11-2025 19:27:20,1
2025-11-19T13:57:37+00:00,280,661,10,0.000000,0.000000,19-11-2025 19:27:36,1
2025-11-19T13:57:54+00:00,281,647,9,0.000000,0.000000,19-11-2025 19:27:53,1
2025-11-19T13:58:10+00:00,282,649,9,0.000000,0.000000,19-11-2025 19:28:09,1
2025-11-19T13:58:27+00:00,283,639,9,0.000000,0.000000,19-11-2025 19:28:26,1
2025-11-19T13:58:44+00:00,284,631,8,0.000000,0.000000,19-11-2025 19:28:42,1
2025-11-19T13:59:00+00:00,285,634,8,0.000000,0.000000,19-11-2025 19:28:59,1
2025-11-19T13:59:17+00:00,286,624,8,0.000000,0.000000,19-11-2025 19:29:16,1
2025-11-19T13:59:34+00:00,287,623,8,0.000000,0.000000,19-11-2025 19:29:33,1
2025-11-19T13:59:51+00:00,288,613,7,0.000000,0.000000,19-11-2025 19:29:49,1
2025-11-19T14:00:08+00:00,289,610,7,0.000000,0.000000,19-11-2025 19:30:06,1
2025-11-19T14:00:25+00:00,290,607,7,0.000000,0.000000,19-11-2025 19:30:24,1
2025-11-19T14:00:42+00:00,291,607,7,0.000000,0.000000,19-11-2025 19:30:40,1
2025-11-19T14:00:58+00:00,292,225,0,0.000000,0.000000,19-11-2025 19:30:56,0
2025-11-19T14:01:14+00:00,293,223,0,0.000000,0.000000,19-11-2025 19:31:13,0
2025-11-19T14:01:31+00:00,294,232,0,0.000000,0.000000,19-11-2025 19:31:29,0
2025-11-19T14:01:47+00:00,295,235,0,0.000000,0.000000,19-11-2025 19:31:46,0
2025-11-19T14:02:04+00:00,296,222,0,0.000000,0.000000,19-11-2025 19:32:03,0
2025-11-19T14:02:21+00:00,297,229,0,0.000000,0.000000,19-11-2025 19:32:19,0
2025-11-19T14:02:37+00:00,298,231,0,0.000000,0.000000,19-11-2025 19:32:36,0
2025-11-19T14:02:54+00:00,299,240,0,0.000000,0.000000,19-11-2025 19:32:53,0
2025-11-19T14:03:11+00:00,300,235,0,0.000000,0.000000,19-11-2025 19:33:10,0
2025-11-19T14:03:27+00:00,301,221,0,0.000000,0.000000,19-11-2025 19:33:26,0
2025-11-19T14:03:44+00:00,302,226,0,0.000000,0.000000,19-11-2025 19:33:43,0
2025-11-19T14:04:01+00:00,303,237,0,0.000000,0.000000,19-11-2025 19:34:00,0
2025-11-19T14:04:17+00:00,304,230,0,0.000000,0.000000,19-11-2025 19:34:17,0
2025-11-19T14:04:34+00:00,305,221,0,0.000000,0.000000,19-11-2025 19:34:33,0
2025-11-19T14:04:51+00:00,306,230,0,0.000000,0.000000,19-11-2025 19:34:50,0
2025-11-19T14:05:08+00:00,307,225,0,0.000000,0.000000,19-11-2025 19:35:06,0
2025-11-19T14:05:24+00:00,308,223,0,0.000000,0.000000,19-11-2025 19:35:23,0
2025-11-19T14:05:41+00:00,309,225,0,0.000000,0.000000,19-11-2025 19:35:39,0
2025-11-19T14:05:58+00:00,310,225,0,0.000000,0.000000,19-11-2025 19:35:58,0
2025-11-19T14:06:15+00:00,311,239,0,0.000000,0.000000,19-11-2025 19:36:14,0
2025-11-19T14:06:31+00:00,312,229,0,0.000000,0.000000,19-11-2025 19:36:31,0
2025-11-19T14:06:48+00:00,313,231,0,0.000000,0.000000,19-11-2025 19:36:47,0
2025-11-19T14:07:05+00:00,314,227,0,0.000000,0.000000,19-11-2025 19:37:05,0
2025-11-19T14:07:22+00:00,315,224,0,0.000000,0.000000,19-11-2025 19:37:21,0
2025-11-19T14:07:38+00:00,316,219,0,0.000000,0.000000,19-11-2025 19:37:38,0
2025-11-19T14:07:55+00:00,317,218,0,0.000000,0.000000,19-11-2025 19:37:54,0
2025-11-19T14:08:11+00:00,318,247,0,0.000000,0.000000,19-11-2025 19:38:11,0
2025-11-19T14:08:28+00:00,319,220,0,0.000000,0.000000,19-11-2025 19:38:27,0
2025-11-19T14:08:45+00:00,320,235,0,0.000000,0.000000,19-11-2025 19:38:44,0
2025-11-19T14:09:02+00:00,321,223,0,0.000000,0.000000,19-11-2025 19:39:00,0
2025-11-19T14:09:18+00:00,322,229,0,0.000000,0.000000,19-11-2025 19:39:17,0
2025-11-19T14:09:35+00:00,323,233,0,0.000000,0.000000,19-11-2025 19:39:33,0
2025-11-19T14:09:51+00:00,324,223,0,0.000000,0.000000,19-11-2025 19:39:50,0
2025-11-19T14:10:08+00:00,325,219,0,0.000000,0.000000,19-11-2025 19:40:07,0
2025-11-19T14:10:25+00:00,326,219,0,0.000000,0.000000,19-11-2025 19:40:23,0
2025-11-19T14:10:41+00:00,327,231,0,0.000000,0.000000,19-11-2025 19:40:41,0
2025-11-19T14:10:58+00:00,328,222,0,0.000000,0.000000,19-11-2025 19:40:57,0
2025-11-19T14:11:14+00:00,329,224,0,0.000000,0.000000,19-11-2025 19:41:14,0
2025-11-19T14:11:31+00:00,330,231,0,0.000000,0.000000,19-11-2025 19:41:30,0
2025-11-19T14:11:47+00:00,331,250,0,0.000000,0.000000,19-11-2025 19:41:46,0
2025-11-19T14:12:04+00:00,332,993,32,0.000000,0.000000,19-11-2025 19:42:03,1
2025-11-19T14:12:21+00:00,333,1104,40,0.000000,0.000000,19-11-2025 19:42:20,1
2025-11-19T14:12:38+00:00,334,1553,70,0.000000,0.000000,19-11-2025 19:42:37,1
2025-11-19T14:12:55+00:00,335,2158,100,0.000000,0.000000,19-11-2025 19:42:54,1
2025-11-19T14:13:11+00:00,336,2657,100,0.000000,0.000000,19-11-2025 19:43:10,1
2025-11-19T14:13:28+00:00,337,551,3,0.000000,0.000000,19-11-2025 19:43:27,1
2025-11-19T14:13:45+00:00,338,764,17,0.000000,0.000000,19-11-2025 19:43:44,1
2025-11-19T14:14:02+00:00,339,768,17,0.000000,0.000000,19-11-2025 19:44:01,1
2025-11-19T14:14:18+00:00,340,795,19,0.000000,0.000000,19-11-2025 19:44:17,1
2025-11-19T14:14:35+00:00,341,814,20,0.000000,0.000000,19-11-2025 19:44:34,1
2025-11-19T14:14:52+00:00,342,831,22,0.000000,0.000000,19-11-2025 19:44:51,1
2025-11-19T14:15:08+00:00,343,834,22,0.000000,0.000000,19-11-2025 19:45:07,1
2025-11-19T14:15:25+00:00,344,818,21,0.000000,0.000000,19-11-2025 19:45:24,1
2025-11-19T14:15:41+00:00,345,815,21,0.000000,0.000000,19-11-2025 19:45:40,1
2025-11-19T14:16:00+00:00,346,802,20,0.000000,0.000000,19-11-2025 19:45:56,1
2025-11-19T14:16:16+00:00,347,790,19,0.000000,0.000000,19-11-2025 19:46:15,1
2025-11-19T14:16:33+00:00,348,771,18,0.000000,0.000000,19-11-2025 19:46:32,1
2025-11-19T14:16:49+00:00,349,768,17,0.000000,0.000000,19-11-2025 19:46:48,1
2025-11-19T14:17:06+00:00,350,765,17,0.000000,0.000000,19-11-2025 19:47:05,1
2025-11-19T14:17:23+00:00,351,748,16,0.000000,0.000000,19-11-2025 19:47:22,1
2025-11-19T14:17:39+00:00,352,737,15,0.000000,0.000000,19-11-2025 19:47:38,1
2025-11-19T14:17:56+00:00,353,722,14,0.000000,0.000000,19-11-2025 19:47:55,1
2025-11-19T14:18:13+00:00,354,720,14,0.000000,0.000000,19-11-2025 19:48:12,1
2025-11-19T14:18:29+00:00,355,706,13,0.000000,0.000000,19-11-2025 19:48:28,1
2025-11-19T14:18:46+00:00,356,704,13,0.000000,0.000000,19-11-2025 19:48:45,1
2025-11-19T14:19:03+00:00,357,701,13,0.000000,0.000000,19-11-2025 19:49:02,1
2025-11-19T14:19:19+00:00,358,694,12,0.000000,0.000000,19-11-2025 19:49:18,1
2025-11-19T14:19:36+00:00,359,720,14,0.000000,0.000000,19-11-2025 19:49:35,1
2025-11-19T14:19:53+00:00,360,688,12,0.000000,0.000000,19-11-2025 19:49:51,1
2025-11-19T14:20:09+00:00,361,691,12,0.000000,0.000000,19-11-2025 19:50:08,1
2025-11-19T14:20:26+00:00,362,687,12,0.000000,0.000000,19-11-2025 19:50:25,1
2025-11-19T14:20:43+00:00,363,230,0,0.000000,0.000000,19-11-2025 19:50:41,0
2025-11-19T14:20:59+00:00,364,925,28,0.000000,0.000000,19-11-2025 19:50:58,1
2025-11-19T14:31:35+00:00,365,587,5,16.744946,74.275138,01-01-1970 05:30:16,1
2025-11-19T14:31:52+00:00,366,576,5,16.744938,74.275125,19-11-2025 20:01:51,1
2025-11-19T14:32:09+00:00,367,582,5,16.744919,74.275108,19-11-2025 20:02:08,1
2025-11-19T14:32:25+00:00,368,567,4,16.744943,74.275098,19-11-2025 20:02:25,1
2025-11-19T14:32:43+00:00,369,576,5,16.744916,74.275095,19-11-2025 20:02:42,1
2025-11-19T14:32:59+00:00,370,567,4,16.744900,74.275072,19-11-2025 20:02:59,1
2025-11-19T14:33:16+00:00,371,567,4,16.744901,74.275104,19-11-2025 20:03:15,1
2025-11-19T14:33:32+00:00,372,233,0,16.744933,74.275106,19-11-2025 20:03:32,0
2025-11-19T14:33:50+00:00,373,215,0,16.744975,74.275104,19-11-2025 20:03:48,0
2025-11-19T14:34:06+00:00,374,940,29,16.745021,74.275072,19-11-2025 20:04:05,1
2025-11-19T14:34:23+00:00,375,964,30,16.745069,74.275045,19-11-2025 20:04:21,1
2025-11-19T14:34:40+00:00,376,1232,48,16.745097,74.275010,19-11-2025 20:04:39,1
2025-11-19T14:34:57+00:00,377,1817,87,16.745124,74.275010,19-11-2025 20:04:55,1
2025-11-19T14:35:13+00:00,378,2593,100,16.745130,74.275111,19-11-2025 20:05:12,1
2025-11-19T14:35:29+00:00,379,3159,100,16.745069,74.275215,19-11-2025 20:05:28,1
2025-11-19T14:35:46+00:00,380,3287,100,16.745065,74.275160,19-11-2025 20:05:45,1
2025-11-19T14:36:03+00:00,381,1083,38,16.745102,74.275014,19-11-2025 20:06:02,1
2025-11-19T14:36:19+00:00,382,931,28,16.745083,74.275000,19-11-2025 20:06:18,1
2025-11-19T14:36:36+00:00,383,1073,38,16.745064,74.275051,19-11-2025 20:06:35,1
2025-11-19T14:36:53+00:00,384,1200,46,16.745035,74.275079,19-11-2025 20:06:51,1
2025-11-19T14:37:10+00:00,385,1326,55,16.745042,74.275059,19-11-2025 20:07:08,1
2025-11-19T14:37:26+00:00,386,1406,60,16.745043,74.275034,19-11-2025 20:07:23,1
2025-11-19T14:37:43+00:00,387,1367,57,16.745050,74.275029,19-11-2025 20:07:42,1
2025-11-19T14:38:00+00:00,388,1293,52,16.745027,74.275036,19-11-2025 20:07:59,1
2025-11-19T14:38:16+00:00,389,496,0,16.745041,74.275052,19-11-2025 20:08:15,0
2025-11-19T14:38:33+00:00,390,1055,37,16.745033,74.275058,19-11-2025 20:08:32,1
2025-11-19T14:38:50+00:00,391,900,26,16.745013,74.275094,19-11-2025 20:08:48,1
2025-11-19T14:39:06+00:00,392,911,27,16.744996,74.275108,19-11-2025 20:09:05,1
2025-11-19T14:39:23+00:00,393,931,28,16.745010,74.275088,19-11-2025 20:09:22,1
2025-11-19T14:39:40+00:00,394,964,30,16.745008,74.275081,19-11-2025 20:09:39,1
2025-11-19T14:39:57+00:00,395,951,30,16.744999,74.275100,19-11-2025 20:09:56,1
2025-11-19T14:40:13+00:00,396,951,30,16.744985,74.275122,19-11-2025 20:10:13,1
2025-11-19T14:40:30+00:00,397,275,0,16.744987,74.275109,19-11-2025 20:10:29,0
2025-11-19T14:40:47+00:00,398,1060,37,16.744988,74.275080,19-11-2025 20:10:46,1
2025-11-19T14:41:03+00:00,399,931,28,16.744977,74.275079,19-11-2025 20:11:02,1
2025-11-19T14:41:20+00:00,400,1090,39,16.744971,74.275058,19-11-2025 20:11:19,1
2025-11-19T14:41:37+00:00,401,1383,58,16.744967,74.275080,19-11-2025 20:11:36,1
2025-11-19T14:41:54+00:00,402,1909,93,16.744958,74.275090,19-11-2025 20:11:53,1
2025-11-19T14:42:11+00:00,403,2331,100,16.744990,74.275092,19-11-2025 20:12:10,1
2025-11-19T14:42:28+00:00,404,2547,100,16.744985,74.275105,19-11-2025 20:12:27,1
2025-11-19T14:42:45+00:00,405,2559,100,16.744983,74.275113,19-11-2025 20:12:43,1
2025-11-19T14:43:02+00:00,406,2433,100,16.744990,74.275095,19-11-2025 20:13:01,1
2025-11-19T14:43:18+00:00,407,2239,100,16.744981,74.275086,19-11-2025 20:13:18,1
2025-11-19T14:43:35+00:00,408,2150,100,16.744982,74.275088,19-11-2025 20:13:33,1
2025-11-19T14:43:52+00:00,409,2064,100,16.744990,74.275094,19-11-2025 20:13:51,1
2025-11-19T14:44:09+00:00,410,1982,98,16.744992,74.275088,19-11-2025 20:14:08,1
2025-11-19T14:44:26+00:00,411,1854,90,16.744971,74.275063,19-11-2025 20:14:25,1
2025-11-19T14:44:42+00:00,412,1674,78,16.744959,74.275082,19-11-2025 20:14:41,1
2025-11-19T14:44:59+00:00,413,1519,67,16.744975,0.116667,19-11-2025 20:14:58,1
2025-11-19T14:45:16+00:00,414,1403,60,16.744977,74.275110,19-11-2025 20:15:15,1
2025-11-19T14:45:33+00:00,415,1311,54,16.744965,74.275088,19-11-2025 20:15:31,1
2025-11-19T14:45:50+00:00,416,1215,47,16.744955,74.275102,19-11-2025 20:15:49,1
2025-11-19T14:46:07+00:00,417,473,0,16.744978,74.275096,19-11-2025 20:16:06,0
2025-11-19T14:46:24+00:00,418,597,6,16.744955,74.275100,19-11-2025 20:16:23,1
2025-11-19T14:46:40+00:00,419,592,6,16.744970,74.275106,19-11-2025 20:16:39,1
2025-11-19T14:46:57+00:00,420,592,6,16.744968,74.275111,19-11-2025 20:16:55,1
2025-11-19T14:47:14+00:00,421,591,6,16.744980,74.275101,19-11-2025 20:17:12,1
2025-11-19T14:47:31+00:00,422,610,7,16.745022,74.275090,19-11-2025 20:17:29,1
2025-11-19T14:47:48+00:00,423,611,7,16.745033,74.275096,19-11-2025 20:17:46,1
2025-11-19T14:48:05+00:00,424,611,7,16.745035,74.275102,19-11-2025 20:18:04,1
2025-11-19T14:48:21+00:00,425,601,6,16.745048,74.275099,19-11-2025 20:18:21,1
2025-11-19T14:48:38+00:00,426,608,7,16.745028,74.275097,19-11-2025 20:18:37,1
2025-11-19T14:48:55+00:00,427,237,0,16.745013,74.275082,19-11-2025 20:18:54,0
2025-11-19T14:49:11+00:00,428,795,19,16.744989,74.275096,19-11-2025 20:19:11,1
2025-11-19T14:49:28+00:00,429,537,2,16.744979,74.275081,19-11-2025 20:19:27,1
2025-11-19T14:49:45+00:00,430,528,1,16.744979,74.275075,19-11-2025 20:19:42,1
2025-11-19T14:50:01+00:00,431,534,2,16.744976,74.275065,19-11-2025 20:20:00,1
2025-11-19T14:50:18+00:00,432,546,3,16.744960,74.275110,19-11-2025 20:20:17,1
2025-11-19T14:50:35+00:00,433,237,0,16.744957,74.275134,19-11-2025 20:20:33,0
2025-11-19T14:50:52+00:00,434,2095,100,16.744937,74.275148,19-11-2025 20:20:50,1
2025-11-19T14:51:08+00:00,435,946,29,16.744940,74.275136,19-11-2025 20:21:07,1
2025-11-19T14:51:25+00:00,436,1047,36,16.744960,74.275102,19-11-2025 20:21:23,1
2025-11-19T14:51:42+00:00,437,1167,44,16.744952,74.275120,19-11-2025 20:21:40,
2025-11-19T14:51:58+00:00,438,1362,57,16.744956,74.275128,19-11-2025 20:21:56,1
2025-11-19T14:52:15+00:00,439,1794,86,16.744941,74.275139,19-11-2025 20:22:14,1
2025-11-19T14:52:38+00:00,440,253,0,16.744912,74.275131,19-11-2025 20:22:38,0
2025-11-19T14:52:56+00:00,441,810,20,16.744919,74.275145,19-11-2025 20:22:55,1
2025-11-19T14:53:12+00:00,442,257,0,16.744932,74.275123,19-11-2025 20:23:12,0
2025-11-19T14:53:29+00:00,443,241,0,16.744954,74.275103,19-11-2025 20:23:28,0
2025-11-19T14:53:46+00:00,444,255,0,16.744959,74.275096,19-11-2025 20:23:45,0
2025-11-19T14:54:03+00:00,445,1810,87,16.744951,74.275107,19-11-2025 20:24:02,1
2025-11-19T14:54:19+00:00,446,272,0,16.744938,74.275113,19-11-2025 20:24:19,0
2025-11-19T14:54:36+00:00,447,674,11,16.744920,74.275160,19-11-2025 20:24:35,1
2025-11-19T14:54:53+00:00,448,1575,71,16.744924,74.275150,19-11-2025 20:24:52,1
2025-11-19T14:55:10+00:00,449,1059,37,16.744951,74.275120,19-11-2025 20:25:08,1
2025-11-19T14:55:27+00:00,450,387,0,16.744938,74.275104,19-11-2025 20:25:25,0
2025-11-19T14:55:43+00:00,451,1089,39,16.744934,74.275090,19-11-2025 20:25:42,1
2025-11-19T14:56:00+00:00,452,857,23,16.744932,74.275120,19-11-2025 20:25:58,1
2025-11-19T14:56:17+00:00,453,839,22,16.744932,74.275105,19-11-2025 20:26:15,1
2025-11-19T14:56:33+00:00,454,837,22,16.744937,74.275093,19-11-2025 20:26:32,1
2025-11-19T14:56:50+00:00,455,816,21,16.744948,74.275094,19-11-2025 20:26:49,1
2025-11-19T14:57:07+00:00,456,802,20,16.744951,74.275083,19-11-2025 20:27:06,1
2025-11-19T14:57:24+00:00,457,798,19,16.744949,74.275035,19-11-2025 20:27:22,1
2025-11-19T14:57:40+00:00,458,875,25,16.744946,74.275045,19-11-2025 20:27:39,1
2025-11-19T14:57:57+00:00,459,779,18,16.744960,74.275045,19-11-2025 20:27:56,1
2025-11-19T14:58:14+00:00,460,754,16,16.744968,74.275100,19-11-2025 20:28:13,1
2025-11-19T14:58:31+00:00,461,751,16,16.744974,74.275123,19-11-2025 20:28:28,1
2025-11-19T14:58:49+00:00,462,743,16,16.744970,74.275122,19-11-2025 20:28:48,1
2025-11-19T14:59:06+00:00,463,720,14,16.744973,74.275074,19-11-2025 20:29:05,1
2025-11-19T14:59:22+00:00,464,709,13,16.744956,74.275027,19-11-2025 20:29:21,1
2025-11-19T14:59:39+00:00,465,716,14,16.744951,74.275056,19-11-2025 20:29:38,1
2025-11-19T14:59:56+00:00,466,711,14,16.744961,74.275073,19-11-2025 20:29:54,1
2025-11-19T15:00:12+00:00,467,698,13,16.744973,74.275098,19-11-2025 20:30:11,1
2025-11-19T15:00:28+00:00,468,667,11,16.744971,74.275114,19-11-2025 20:30:27,1
2025-11-19T15:00:45+00:00,469,691,12,16.744971,74.275141,19-11-2025 20:30:44,1
2025-11-19T15:01:01+00:00,470,695,13,16.744967,74.275132,19-11-2025 20:31:00,1
2025-11-19T15:01:18+00:00,471,688,12,16.744954,74.275122,19-11-2025 20:31:16,1
2025-11-19T15:01:34+00:00,472,688,12,16.744956,74.275103,19-11-2025 20:31:33,1
2025-11-19T15:01:51+00:00,473,681,12,16.744970,74.275093,19-11-2025 20:31:50,1
2025-11-19T15:02:08+00:00,474,674,11,16.744971,74.275090,19-11-2025 20:32:07,1
2025-11-19T15:02:25+00:00,475,679,11,16.744961,74.275084,19-11-2025 20:32:24,1
2025-11-19T15:02:42+00:00,476,672,11,16.744942,74.275081,19-11-2025 20:32:41,1
2025-11-19T15:02:59+00:00,477,657,10,16.744931,74.275070,19-11-2025 20:32:58,1
2025-11-19T15:03:16+00:00,478,676,11,16.744938,74.275077,19-11-2025 20:33:14,1
2025-11-19T15:03:32+00:00,479,670,11,16.744943,74.275090,19-11-2025 20:33:31,1
2025-11-19T15:03:49+00:00,480,671,11,16.744943,74.275089,19-11-2025 20:33:48,1
2025-11-19T15:04:06+00:00,481,666,11,16.744943,74.275086,19-11-2025 20:34:05,1
2025-11-19T15:04:23+00:00,482,656,10,16.744933,74.275085,19-11-2025 20:34:21,1
2025-11-19T15:04:42+00:00,483,667,11,16.744934,74.275082,19-11-2025 20:34:38,1
2025-11-19T15:04:58+00:00,484,656,10,16.744943,74.275081,19-11-2025 20:34:57,1
2025-11-19T15:05:15+00:00,485,659,10,16.744947,74.275083,19-11-2025 20:35:13,1
2025-11-19T15:05:32+00:00,486,654,10,16.744937,74.275091,19-11-2025 20:35:30,1
2025-11-19T15:05:48+00:00,487,661,10,16.744939,74.275085,19-11-2025 20:35:47,1
2025-11-19T15:06:05+00:00,488,650,10,16.744943,74.275079,19-11-2025 20:36:03,1
2025-11-19T15:06:22+00:00,489,650,10,16.744932,74.275081,19-11-2025 20:36:20,1
2025-11-19T15:06:38+00:00,490,643,9,16.744931,74.275077,19-11-2025 20:36:37,1
2025-11-19T15:06:55+00:00,491,652,10,16.744942,74.275072,19-11-2025 20:36:53,1
2025-11-19T15:07:11+00:00,492,656,10,16.744954,74.275076,19-11-2025 20:37:10,1
2025-11-19T15:07:28+00:00,493,647,9,16.744956,74.275089,19-11-2025 20:37:27,1
2025-11-19T15:07:45+00:00,494,650,10,16.744955,74.275103,19-11-2025 20:37:44,1
2025-11-19T15:08:01+00:00,495,637,9,16.744957,74.275114,19-11-2025 20:38:00,1
2025-11-19T15:08:18+00:00,496,651,10,16.744969,74.275106,19-11-2025 20:38:17,1
2025-11-19T15:08:35+00:00,497,643,9,16.744979,74.275102,19-11-2025 20:38:33,1
2025-11-19T15:08:52+00:00,498,646,9,16.744985,74.275098,19-11-2025 20:38:51,1
2025-11-19T15:09:08+00:00,499,639,9,16.744978,74.275096,19-11-2025 20:39:07,1
2025-11-19T15:09:25+00:00,500,637,9,16.744967,74.275098,19-11-2025 20:39:24,1
2025-11-19T15:09:42+00:00,501,639,9,16.744955,74.275101,19-11-2025 20:39:41,1
2025-11-19T15:09:58+00:00,502,638,9,16.744954,74.275095,19-11-2025 20:39:58,1
2025-11-19T15:10:15+00:00,503,640,9,16.744956,74.275096,19-11-2025 20:40:14,1
2025-11-19T15:10:32+00:00,504,640,9,16.744972,74.275115,19-11-2025 20:40:31,1
2025-11-19T15:10:49+00:00,505,637,9,16.744978,74.275134,19-11-2025 20:40:48,1
2025-11-19T15:11:06+00:00,506,630,8,16.744984,74.275133,19-11-2025 20:41:05,1
2025-11-19T15:11:22+00:00,507,637,9,16.744991,74.275111,19-11-2025 20:41:21,1
2025-11-19T15:11:39+00:00,508,637,9,16.744996,74.275114,19-11-2025 20:41:38,1
2025-11-19T15:11:56+00:00,509,627,8,16.744996,74.275119,19-11-2025 20:41:55,1
2025-11-19T15:12:13+00:00,510,627,8,16.744983,74.275109,19-11-2025 20:42:12,1
2025-11-19T15:12:30+00:00,511,627,8,16.744970,74.275094,19-11-2025 20:42:29,1
2025-11-19T15:12:46+00:00,512,627,8,16.744958,74.275094,19-11-2025 20:42:45,1
2025-11-19T15:13:04+00:00,513,625,8,16.744969,74.275106,19-11-2025 20:43:02,1
2025-11-19T15:13:20+00:00,514,634,8,16.744979,74.275131,19-11-2025 20:43:19,1
2025-11-19T15:13:38+00:00,515,623,8,16.744997,74.275133,19-11-2025 20:43:36,1
2025-11-19T15:13:54+00:00,516,624,8,16.745001,74.275129,19-11-2025 20:43:53,1
2025-11-19T15:14:11+00:00,517,631,8,16.744996,74.275157,19-11-2025 20:44:10,1
2025-11-19T15:14:28+00:00,518,619,7,16.744976,74.275177,19-11-2025 20:44:26,1
2025-11-19T15:14:44+00:00,519,627,8,16.744982,74.275158,19-11-2025 20:44:43,1
2025-11-19T15:15:01+00:00,520,250,0,16.744974,74.275148,19-11-2025 20:45:00,0
2025-11-19T15:15:18+00:00,521,243,0,16.744978,74.275158,19-11-2025 20:45:16,0
2025-11-19T15:15:35+00:00,522,240,0,16.744992,74.275126,19-11-2025 20:45:33,0
2025-11-19T15:15:51+00:00,523,247,0,16.744997,74.275100,19-11-2025 20:45:50,0
2025-11-19T15:16:08+00:00,524,243,0,16.744981,74.275107,19-11-2025 20:46:07,0
2025-11-19T15:16:24+00:00,525,251,0,16.745024,74.275110,19-11-2025 20:46:23,0
2025-11-19T15:16:42+00:00,526,243,0,16.745016,74.275142,19-11-2025 20:46:41,0
2025-11-19T15:16:58+00:00,527,249,0,16.744997,74.275158,19-11-2025 20:46:57,0
2025-11-19T15:17:15+00:00,528,240,0,16.745014,74.275168,19-11-2025 20:47:14,0
2025-11-19T15:17:31+00:00,529,243,0,16.745025,74.275164,19-11-2025 20:47:30,0
2025-11-19T15:17:48+00:00,530,246,0,16.745019,74.275099,19-11-2025 20:47:47,0
2025-11-19T15:18:05+00:00,531,225,0,16.745030,74.275123,19-11-2025 20:48:04,0
2025-11-19T15:18:21+00:00,532,238,0,16.745072,74.275128,19-11-2025 20:48:20,0
2025-11-19T15:18:39+00:00,533,242,0,16.745094,74.275145,19-11-2025 20:48:38,0
2025-11-19T15:18:55+00:00,534,240,0,16.745014,74.275187,19-11-2025 20:48:55,0
2025-11-19T15:19:12+00:00,535,239,0,16.745006,74.275157,19-11-2025 20:49:11,0
2025-11-19T15:19:29+00:00,536,249,0,16.744989,74.275146,19-11-2025 20:49:28,0
2025-11-19T15:19:45+00:00,537,246,0,16.744975,74.275133,19-11-2025 20:49:44,0
2025-11-19T15:20:02+00:00,538,911,27,16.744992,74.275106,19-11-2025 20:50:01,1
2025-11-19T15:20:19+00:00,539,1008,33,16.745004,74.275108,19-11-2025 20:50:18,1
2025-11-19T15:20:35+00:00,540,1023,34,16.744999,74.275116,19-11-2025 20:50:34,1
2025-11-19T15:20:53+00:00,541,1188,45,16.744994,74.275098,19-11-2025 20:50:51,1
2025-11-19T15:21:09+00:00,542,1587,72,16.744989,74.275118,19-11-2025 20:51:08,1
2025-11-19T15:21:26+00:00,543,2336,100,16.744961,74.275146,19-11-2025 20:51:24,1
2025-11-19T15:21:43+00:00,544,608,7,16.744949,74.275126,19-11-2025 20:51:42,1
2025-11-19T15:22:04+00:00,545,746,16,16.744959,74.275076,19-11-2025 20:51:58,1
2025-11-19T15:22:21+00:00,546,805,20,16.744990,74.275081,19-11-2025 20:52:20,1
2025-11-19T15:22:38+00:00,547,816,21,16.744980,74.275098,19-11-2025 20:52:37,1
2025-11-19T15:22:54+00:00,548,819,21,16.744981,74.275107,19-11-2025 20:52:53,1
2025-11-19T15:23:11+00:00,549,816,21,16.744982,74.275113,19-11-2025 20:53:10,1
2025-11-19T15:23:28+00:00,550,816,21,16.745007,74.275095,19-11-2025 20:53:27,1
2025-11-19T15:23:44+00:00,551,798,19,16.745018,74.275088,19-11-2025 20:53:43,1
2025-11-19T15:24:00+00:00,552,804,20,16.745028,74.275074,19-11-2025 20:53:59,1
2025-11-19T15:24:18+00:00,553,804,20,16.745034,74.275089,19-11-2025 20:54:16,1
2025-11-19T15:24:34+00:00,554,784,18,16.745018,74.275100,19-11-2025 20:54:33,1
2025-11-19T15:24:51+00:00,555,790,19,16.745031,74.275119,19-11-2025 20:54:50,1
2025-11-19T15:25:08+00:00,556,2688,100,16.745047,74.275146,19-11-2025 20:55:06,1
2025-11-19T15:25:25+00:00,557,687,12,16.745005,74.275066,19-11-2025 20:55:23,1
2025-11-19T15:25:42+00:00,558,1191,46,16.745011,74.275073,19-11-2025 20:55:41,1
2025-11-19T15:25:59+00:00,559,800,20,16.745013,74.275113,19-11-2025 20:55:57,1
2025-11-19T15:26:16+00:00,560,1073,38,16.744985,74.275127,19-11-2025 20:56:15,1
2025-11-19T15:46:50+00:00,561,451,0,0.000000,0.000000,19-11-2025 21:16:48,0
2025-11-19T15:47:06+00:00,562,348,0,16.744731,74.274702,19-11-2025 21:17:05,0
2025-11-19T15:47:23+00:00,563,1051,36,16.744926,74.275056,19-11-2025 21:17:22,1
2025-11-19T15:47:40+00:00,564,1004,33,16.744992,74.275122,19-11-2025 21:17:39,1
2025-11-19T15:47:56+00:00,565,1149,43,16.745041,74.275170,19-11-2025 21:17:54,1
2025-11-19T15:48:13+00:00,566,1463,64,16.745006,74.275080,19-11-2025 21:18:11,1
2025-11-19T15:48:29+00:00,567,2174,100,16.745004,74.275093,19-11-2025 21:18:28,1
2025-11-19T15:48:46+00:00,568,3126,100,16.744999,74.275083,19-11-2025 21:18:45,1
2025-11-19T15:49:03+00:00,569,3873,100,16.744997,74.275053,19-11-2025 21:19:02,1
2025-11-19T15:49:20+00:00,570,4095,100,16.744986,74.275058,19-11-2025 21:19:19,1
2025-11-19T15:49:37+00:00,571,4095,100,16.744977,74.275084,19-11-2025 21:19:36,1
2025-11-19T15:49:53+00:00,572,4095,100,16.744969,74.275074,19-11-2025 21:19:52,1
2025-11-19T15:50:10+00:00,573,4095,100,16.744962,74.275076,19-11-2025 21:20:09,1
2025-11-19T15:50:27+00:00,574,4095,100,16.744952,74.275105,19-11-2025 21:20:26,1
2025-11-19T15:50:44+00:00,575,4095,100,16.744947,74.275124,19-11-2025 21:20:43,1
2025-11-19T15:51:01+00:00,576,3451,100,16.744943,74.275109,19-11-2025 21:21:00,1
2025-11-19T15:51:19+00:00,577,3253,100,16.744947,74.275119,19-11-2025 21:21:18,1
2025-11-19T15:51:35+00:00,578,3189,100,16.744952,74.275126,19-11-2025 21:21:34,1
2025-11-19T15:51:52+00:00,579,3152,100,16.744950,74.275131,19-11-2025 21:21:51,1
2025-11-19T15:52:09+00:00,580,3098,100,16.744964,74.275143,19-11-2025 21:22:08,1
2025-11-19T15:52:26+00:00,581,3010,100,16.744968,74.275151,19-11-2025 21:22:25,1
2025-11-19T15:52:45+00:00,582,2915,100,16.744968,74.275143,19-11-2025 21:22:41,1
2025-11-19T15:53:02+00:00,583,2905,100,16.744973,74.275137,19-11-2025 21:23:01,1
2025-11-19T15:53:18+00:00,584,2893,100,16.744958,74.275132,19-11-2025 21:23:17,1
2025-11-19T15:53:35+00:00,585,2829,100,16.744954,74.275100,19-11-2025 21:23:34,1
2025-11-19T15:53:52+00:00,586,2757,100,16.744955,74.275099,19-11-2025 21:23:51,1
2025-11-19T15:54:08+00:00,587,559,3,16.744965,74.275109,19-11-2025 21:24:07,1
2025-11-19T15:54:25+00:00,588,1005,33,16.744978,74.275134,19-11-2025 21:24:24,1
2025-11-19T15:54:42+00:00,589,881,25,16.744987,74.275130,19-11-2025 21:24:40,1
2025-11-19T15:54:59+00:00,590,955,30,16.744973,74.275108,19-11-2025 21:24:58,1
2025-11-19T15:55:16+00:00,591,1046,36,16.744964,74.275108,19-11-2025 21:25:15,1
2025-11-19T15:55:33+00:00,592,1151,43,16.744952,74.275108,19-11-2025 21:25:32,1
2025-11-19T15:55:50+00:00,593,272,0,16.744973,74.275151,19-11-2025 21:25:49,0
2025-11-19T15:56:06+00:00,594,1822,88,16.744967,74.275148,19-11-2025 21:26:06,1
2025-11-19T15:56:23+00:00,595,1184,45,16.744967,74.275155,19-11-2025 21:26:22,1
2025-11-19T15:56:40+00:00,596,1289,52,16.744966,74.275185,19-11-2025 21:26:39,1
2025-11-19T15:56:57+00:00,597,1567,71,16.744971,74.275181,19-11-2025 21:26:56,1
2025-11-19T15:57:14+00:00,598,1938,95,16.744982,74.275126,19-11-2025 21:27:13,1
2025-11-19T15:57:31+00:00,599,2371,100,16.744976,74.275066,19-11-2025 21:27:30,1
2025-11-19T15:57:48+00:00,600,2640,100,16.744983,74.275051,19-11-2025 21:27:46,1
2025-11-19T15:58:05+00:00,601,2759,100,16.744992,74.275026,19-11-2025 21:28:03,1
2025-11-19T15:58:21+00:00,602,465,0,16.745004,74.275023,19-11-2025 21:28:20,0
2025-11-19T15:58:38+00:00,603,271,0,16.745008,74.275058,19-11-2025 21:28:37,0
2025-11-19T15:59:25+00:00,604,253,0,16.745001,74.275078,19-11-2025 21:29:23,0
2025-11-19T15:59:41+00:00,605,250,0,16.744983,74.275077,19-11-2025 21:29:40,0
2025-11-19T15:59:58+00:00,606,997,33,16.744989,74.275087,19-11-2025 21:29:57,1
2025-11-19T16:00:15+00:00,607,1035,35,16.744990,74.275093,19-11-2025 21:30:13,1
2025-11-19T16:00:33+00:00,608,1270,51,16.744985,74.275102,19-11-2025 21:30:31,1
2025-11-19T16:00:49+00:00,609,1365,57,16.745049,74.275172,19-11-2025 21:30:49,1
2025-11-19T16:01:06+00:00,610,1095,39,16.745032,74.275183,19-11-2025 21:31:05,1
2025-11-19T16:01:23+00:00,611,245,0,16.744962,74.275130,19-11-2025 21:31:23,0
2025-11-19T16:01:41+00:00,612,1215,47,16.744979,74.275179,19-11-2025 21:31:39,1
2025-11-19T16:02:17+00:00,613,245,0,16.744919,74.275155,19-11-2025 21:32:16,0
2025-11-19T16:02:33+00:00,614,349,0,16.744907,74.275145,19-11-2025 21:32:33,0
2025-11-19T16:02:53+00:00,615,368,0,16.744908,74.275111,19-11-2025 21:32:52,0
2025-11-19T16:03:09+00:00,616,350,0,16.744890,74.275121,19-11-2025 21:33:09,0
2025-11-19T16:03:26+00:00,617,818,21,16.744906,74.275101,19-11-2025 21:33:26,1
2025-11-19T16:03:43+00:00,618,336,0,16.744928,74.275054,19-11-2025 21:33:42,0
2025-11-19T16:04:00+00:00,619,1339,55,16.744946,74.275008,19-11-2025 21:33:59,1
2025-11-19T16:04:17+00:00,620,880,25,16.744948,74.274986,19-11-2025 21:34:16,1
2025-11-19T16:04:34+00:00,621,987,32,16.744984,74.274989,19-11-2025 21:34:33,1
2025-11-19T16:04:51+00:00,622,1182,45,16.744998,74.275002,19-11-2025 21:34:50,1
2025-11-19T16:05:08+00:00,623,1471,64,16.744990,74.275026,19-11-2025 21:35:06,1
2025-11-19T16:05:24+00:00,624,1856,90,16.744991,74.275052,19-11-2025 21:35:23,1
2025-11-19T16:05:41+00:00,625,2187,100,16.744984,74.275060,19-11-2025 21:35:40,1
2025-11-19T16:05:58+00:00,626,2365,100,16.744970,74.275075,19-11-2025 21:35:57,1
2025-11-19T16:06:15+00:00,627,2445,100,16.744970,74.275096,19-11-2025 21:36:14,1
2025-11-19T16:06:31+00:00,628,2378,100,16.744969,74.275100,19-11-2025 21:36:31,1
2025-11-19T16:06:48+00:00,629,2370,100,16.744970,74.275105,19-11-2025 21:36:47,1
2025-11-19T16:07:06+00:00,630,2375,100,16.744970,74.275103,19-11-2025 21:37:05,1
2025-11-19T16:07:23+00:00,631,2347,100,16.744944,74.275119,19-11-2025 21:37:22,1
2025-11-19T16:07:39+00:00,632,2319,100,16.744930,74.275101,19-11-2025 21:37:39,1
2025-11-19T16:07:56+00:00,633,2236,100,16.744930,74.275111,19-11-2025 21:37:55,1
2025-11-19T16:08:12+00:00,634,1924,94,16.744936,74.275136,19-11-2025 21:38:11,1
2025-11-19T16:08:29+00:00,635,1680,78,16.744951,74.275113,19-11-2025 21:38:28,1
2025-11-19T16:08:46+00:00,636,1431,62,16.744960,74.275067,19-11-2025 21:38:45,1
2025-11-19T16:09:02+00:00,637,1286,52,16.744962,74.275081,19-11-2025 21:39:01,1
2025-11-19T16:09:19+00:00,638,1156,43,16.744941,74.275074,19-11-2025 21:39:18,1
2025-11-19T16:09:36+00:00,639,1085,39,16.744937,74.275130,19-11-2025 21:39:35,1
2025-11-19T16:09:52+00:00,640,1023,34,16.744954,74.275176,19-11-2025 21:39:52,1
2025-11-19T16:10:09+00:00,641,993,32,16.744975,74.275215,19-11-2025 21:40:08,1
2025-11-19T16:10:26+00:00,642,946,29,16.744968,74.275179,19-11-2025 21:40:25,1
2025-11-19T16:10:43+00:00,643,941,29,16.744967,74.275154,19-11-2025 21:40:41,1
2025-11-19T16:10:59+00:00,644,912,27,16.744977,74.275140,19-11-2025 21:40:58,1
2025-11-19T16:11:16+00:00,645,898,26,16.744975,74.275153,19-11-2025 21:41:15,1
2025-11-19T16:11:32+00:00,646,885,25,16.744976,74.275145,19-11-2025 21:41:31,1
2025-11-19T16:11:50+00:00,647,881,25,16.744994,74.275162,19-11-2025 21:41:48,1
2025-11-19T16:12:06+00:00,648,854,23,16.745008,74.275154,19-11-2025 21:42:05,1
2025-11-19T16:12:23+00:00,649,845,23,16.744992,74.275147,19-11-2025 21:42:22,1
2025-11-19T16:12:40+00:00,650,832,22,16.744968,74.275133,19-11-2025 21:42:39,1
2025-11-19T16:12:57+00:00,651,813,20,16.744978,74.275140,19-11-2025 21:42:55,1
2025-11-19T16:13:14+00:00,652,1264,50,16.744973,74.275133,19-11-2025 21:43:12,1
2025-11-19T16:13:30+00:00,653,905,27,16.744961,74.275102,19-11-2025 21:43:29,1
2025-11-19T16:13:47+00:00,654,957,30,16.744962,74.275091,19-11-2025 21:43:46,1
2025-11-19T16:14:04+00:00,655,1037,35,16.744965,74.275092,19-11-2025 21:44:02,1
2025-11-19T16:14:21+00:00,656,1115,41,16.744973,74.275092,19-11-2025 21:44:19,1
2025-11-19T16:14:38+00:00,657,1168,44,16.744973,74.275088,19-11-2025 21:44:37,1
2025-11-19T16:14:54+00:00,658,1136,42,16.744973,74.275070,19-11-2025 21:44:54,1
2025-11-19T16:15:11+00:00,659,1261,50,16.744978,74.275071,19-11-2025 21:45:10,1
2025-11-19T16:15:28+00:00,660,1215,47,16.744974,74.275090,19-11-2025 21:45:27,1
2025-11-19T16:15:45+00:00,661,1249,49,16.744969,74.275095,19-11-2025 21:45:43,1
2025-11-19T16:16:01+00:00,662,1197,46,16.744966,74.275094,19-11-2025 21:46:00,1
2025-11-19T16:16:18+00:00,663,1065,37,16.744964,74.275080,19-11-2025 21:46:16,1
2025-11-19T16:16:35+00:00,664,971,31,16.744961,74.275068,19-11-2025 21:46:33,1
2025-11-19T16:16:52+00:00,665,923,28,16.744957,74.275085,19-11-2025 21:46:51,1
2025-11-19T16:17:08+00:00,666,875,25,16.744954,74.275112,19-11-2025 21:47:07,1
2025-11-19T16:17:25+00:00,667,848,23,16.744942,74.275109,19-11-2025 21:47:24,1
2025-11-19T16:17:42+00:00,668,818,21,16.744943,74.275100,19-11-2025 21:47:41,1
2025-11-19T16:17:58+00:00,669,785,19,16.744960,74.275112,19-11-2025 21:47:58,1
2025-11-19T16:18:15+00:00,670,774,18,16.744967,74.275115,19-11-2025 21:48:14,1
2025-11-19T16:18:32+00:00,671,779,18,16.744960,74.275108,19-11-2025 21:48:31,1
2025-11-19T16:18:48+00:00,672,752,16,16.744942,74.275083,19-11-2025 21:48:47,1
2025-11-19T16:19:05+00:00,673,746,16,16.744934,74.275074,19-11-2025 21:49:04,1
2025-11-19T16:19:22+00:00,674,758,17,16.744942,74.275084,19-11-2025 21:49:21,1
2025-11-19T16:19:38+00:00,675,737,15,16.744926,74.275054,19-11-2025 21:49:37,1
2025-11-19T16:19:55+00:00,676,722,14,16.744913,74.275042,19-11-2025 21:49:54,1
2025-11-19T16:20:12+00:00,677,721,14,16.744910,74.275042,19-11-2025 21:50:11,1
2025-11-19T16:20:29+00:00,678,711,14,16.744915,74.275065,19-11-2025 21:50:27,1
2025-11-19T16:20:46+00:00,679,720,14,16.744933,74.275082,19-11-2025 21:50:45,1
2025-11-19T16:21:03+00:00,680,704,13,16.744941,74.275075,19-11-2025 21:51:01,1
2025-11-19T16:21:19+00:00,681,704,13,16.744940,74.275077,19-11-2025 21:51:18,1
2025-11-19T16:21:36+00:00,682,707,13,16.744939,74.275098,19-11-2025 21:51:35,1
2025-11-19T16:21:53+00:00,683,705,13,16.744945,74.275149,19-11-2025 21:51:52,1
2025-11-19T16:22:10+00:00,684,706,13,16.744940,74.275113,19-11-2025 21:52:09,1
2025-11-19T16:22:26+00:00,685,713,14,16.744948,74.275096,19-11-2025 21:52:25,1
2025-11-19T16:22:44+00:00,686,702,13,16.744943,74.275076,19-11-2025 21:52:43,1
2025-11-19T16:23:01+00:00,687,709,13,16.744953,74.275070,19-11-2025 21:53:00,1
2025-11-19T16:23:17+00:00,688,690,12,16.744971,74.275075,19-11-2025 21:53:17,1
2025-11-19T16:23:34+00:00,689,704,13,16.744985,74.275108,19-11-2025 21:53:33,1
2025-11-19T16:23:51+00:00,690,706,13,16.744980,74.275125,19-11-2025 21:53:50,1
2025-11-19T16:24:07+00:00,691,694,12,16.744951,74.275130,19-11-2025 21:54:07,1
2025-11-19T16:24:24+00:00,692,695,13,16.744930,74.275141,19-11-2025 21:54:23,1
2025-11-19T16:24:41+00:00,693,699,13,16.744919,74.275115,19-11-2025 21:54:40,1
2025-11-19T16:24:58+00:00,694,341,0,16.744908,74.275107,19-11-2025 21:54:57,0
2025-11-19T16:25:15+00:00,695,1562,70,16.744921,74.275088,19-11-2025 21:55:13,1
2025-11-19T16:25:32+00:00,696,1005,33,16.744941,74.275070,19-11-2025 21:55:30,1
2025-11-19T16:25:49+00:00,697,1080,38,16.744951,74.275091,19-11-2025 21:55:47,1
2025-11-19T16:26:20+00:00,698,1665,77,0.000000,0.000000,19-11-2025 21:56:17,1
2025-11-19T16:26:37+00:00,699,2223,100,16.744957,74.275119,19-11-2025 21:56:36,1
2025-11-19T16:26:53+00:00,700,2672,100,16.744960,74.275126,19-11-2025 21:56:53,1
2025-11-19T16:27:10+00:00,701,2934,100,16.744960,74.275128,19-11-2025 21:57:09,1
2025-11-19T16:27:27+00:00,702,3047,100,16.744947,74.275125,19-11-2025 21:57:26,1
2025-11-19T16:27:44+00:00,703,3055,100,16.744930,74.275120,19-11-2025 21:57:43,1
2025-11-19T16:28:15+00:00,704,2489,100,16.744923,74.275122,19-11-2025 21:58:14,1
2025-11-19T16:28:32+00:00,705,2302,100,16.744921,74.275110,19-11-2025 21:58:30,1
2025-11-19T16:28:49+00:00,706,2157,100,16.744917,74.275103,19-11-2025 21:58:47,1
2025-11-19T16:29:05+00:00,707,2071,100,16.744921,74.275100,19-11-2025 21:59:04,1
2025-11-19T16:29:22+00:00,708,2033,100,16.744920,74.275116,19-11-2025 21:59:21,1
2025-11-19T16:29:39+00:00,709,1947,96,16.744914,74.275114,19-11-2025 21:59:37,1
2025-11-19T16:29:55+00:00,710,1903,93,16.744922,74.275086,19-11-2025 21:59:54,1
2025-11-19T16:30:12+00:00,711,1841,89,16.744931,74.275064,19-11-2025 22:00:10,1
2025-11-19T16:30:28+00:00,712,1776,85,16.744923,74.275089,19-11-2025 22:00:26,1
2025-11-19T16:30:45+00:00,713,1729,81,16.744923,74.275087,19-11-2025 22:00:44,1
2025-11-19T16:31:02+00:00,714,1675,78,16.744924,74.275080,19-11-2025 22:01:01,1
2025-11-19T16:31:18+00:00,715,1685,79,16.744925,74.275102,19-11-2025 22:01:18,1
2025-11-19T16:31:35+00:00,716,1569,71,16.744921,74.275139,19-11-2025 22:01:34,1
2025-11-19T16:31:52+00:00,717,1502,66,16.744902,74.275086,19-11-2025 22:01:51,1
2025-11-19T16:32:09+00:00,718,1413,60,16.744898,74.275069,19-11-2025 22:02:08,1
2025-11-19T16:32:25+00:00,719,1353,56,16.744888,74.275072,19-11-2025 22:02:24,1
2025-11-19T16:32:43+00:00,720,1291,52,16.744891,74.275090,19-11-2025 22:02:42,1
2025-11-19T16:32:59+00:00,721,1232,48,16.744902,74.275092,19-11-2025 22:02:58,1
2025-11-19T16:33:16+00:00,722,1175,45,16.744910,74.275130,19-11-2025 22:03:15,1
2025-11-19T16:33:32+00:00,723,1126,41,16.744916,74.275108,19-11-2025 22:03:31,1
2025-11-19T16:33:48+00:00,724,1102,40,16.744927,74.275085,19-11-2025 22:03:47,1
2025-11-19T16:34:05+00:00,725,1051,36,16.744926,74.275107,19-11-2025 22:04:04,1
2025-11-19T16:34:22+00:00,726,1012,34,16.744928,74.275109,19-11-2025 22:04:21,1
2025-11-19T16:34:38+00:00,727,970,31,16.744929,74.275093,19-11-2025 22:04:37,1
2025-11-19T16:34:55+00:00,728,954,30,16.744922,74.275054,19-11-2025 22:04:53,1
2025-11-19T16:35:12+00:00,729,927,28,16.744922,74.275064,19-11-2025 22:05:10,1
2025-11-19T16:35:28+00:00,730,898,26,16.744930,74.275065,19-11-2025 22:05:27,1
2025-11-19T16:35:45+00:00,731,886,25,16.744928,74.275078,19-11-2025 22:05:43,1
2025-11-19T16:36:02+00:00,732,885,25,16.744935,74.275049,19-11-2025 22:06:01,1
